IdAnime,User,Value,Comment;
a10,Iseabal,5,Donec posuere metus vitae ipsum. Aliquam non mauris.;
a21,Yul,1,Donec semper sapien a libero. Nam dui.;
a8,Jakob,3,Nulla neque libero convallis eget eleifend luctus ultricies eu nibh. Quisque id justo sit amet sapien dignissim vestibulum. Vestibulum ante ipsum primis in faucibus orci luctus et ultrices posuere cubilia Curae; Nulla dapibus dolor vel est.
a31,Lorant,3,Mauris lacinia sapien quis libero. Nullam sit amet turpis elementum ligula vehicula consequat. Morbi a ipsum. Integer a nibh.;
a32,Sanders,4,Sed vel enim sit amet nunc viverra dapibus. Nulla suscipit ligula in lacus. Curabitur at ipsum ac tellus semper interdum. Mauris ullamcorper purus sit amet nulla.;
a25,Loralie,4,Donec dapibus.;
a9,Valina,5,In tempor turpis nec euismod scelerisque quam turpis adipiscing lorem vitae mattis nibh ligula nec sem. Duis aliquam convallis nunc. Proin at turpis a pede posuere nonummy.;
a18,Danielle,5,Integer ac neque. Duis bibendum. Morbi non quam nec dui luctus rutrum. Nulla tellus. In sagittis dui vel nisl.;
a31,Jillian,2,Maecenas tristique est et tempus semper est quam pharetra magna ac consequat metus sapien ut nunc.;
a14,Liva,3,Duis bibendum felis sed interdum venenatis turpis enim blandit mi in porttitor pede justo eu massa. Donec dapibus. Duis at velit eu est congue elementum. In hac habitasse platea dictumst.;
a1,Correy,3,Cras non velit nec nisi vulputate nonummy. Maecenas tincidunt lacus at velit. Vivamus vel nulla eget eros elementum pellentesque. Quisque porta volutpat erat.;
a17,Ebonee,5,Curabitur in libero ut massa volutpat convallis. Morbi odio odio elementum eu interdum eu tincidunt in leo. Maecenas pulvinar lobortis est. Phasellus sit amet erat.;
a13,Michell,5,Vestibulum ante ipsum primis in faucibus orci luctus et ultrices posuere cubilia Curae; Nulla dapibus dolor vel est. Donec odio justo sollicitudin ut suscipit a feugiat et eros. Vestibulum ac est lacinia nisi venenatis tristique. Fusce congue diam id ornare imperdiet sapien urna pretium nisl ut volutpat sapien arcu sed augue.
a21,Mathias,2,In hac habitasse platea dictumst. Etiam faucibus cursus urna. Ut tellus.;
a15,Laurie,4,Cum sociis natoque penatibus et magnis dis parturient montes nascetur ridiculus mus. Vivamus vestibulum sagittis sapien. Cum sociis natoque penatibus et magnis dis parturient montes nascetur ridiculus mus. Etiam vel augue. Vestibulum rutrum rutrum neque.;
a33,Chery,5,Nam ultrices libero non mattis pulvinar nulla pede ullamcorper augue a suscipit nulla elit ac nulla.;
a32,Gail,2,Duis ac nibh. Fusce lacus purus aliquet at feugiat non pretium quis lectus. Suspendisse potenti.;
a6,Larisa,1,Duis aliquam convallis nunc. Proin at turpis a pede posuere nonummy. Integer non velit. Donec diam neque vestibulum eget vulputate ut ultrices vel augue. Vestibulum ante ipsum primis in faucibus orci luctus et ultrices posuere cubilia Curae; Donec pharetra magna vestibulum aliquet ultrices erat tortor sollicitudin mi sit amet lobortis sapien sapien non mi.
a21,Alyssa,4,Morbi quis tortor id nulla ultrices aliquet. Maecenas leo odio condimentum id luctus nec molestie sed justo.;
a16,Jeannie,5,Aliquam sit amet diam in magna bibendum imperdiet. Nullam orci pede venenatis non sodales sed tincidunt eu felis. Fusce posuere felis sed lacus. Morbi sem mauris laoreet ut rhoncus aliquet pulvinar sed nisl.;
a2,Bruno,1,Donec dapibus. Duis at velit eu est congue elementum. In hac habitasse platea dictumst. Morbi vestibulum velit id pretium iaculis diam erat fermentum justo nec condimentum neque sapien placerat ante.;
a25,Wilton,4,Maecenas pulvinar lobortis est. Phasellus sit amet erat.;
a20,Jay,2,Morbi porttitor lorem id ligula. Suspendisse ornare consequat lectus.;
a27,Gerladina,4,Nam dui. Proin leo odio porttitor id consequat in consequat ut nulla. Sed accumsan felis.;
a2,Gretchen,1,Curabitur at ipsum ac tellus semper interdum. Mauris ullamcorper purus sit amet nulla.;
a1,Tammie,1,Morbi non lectus. Aliquam sit amet diam in magna bibendum imperdiet. Nullam orci pede venenatis non sodales sed tincidunt eu felis. Fusce posuere felis sed lacus.;
a14,Lou,2,Morbi a ipsum. Integer a nibh. In quis justo. Maecenas rhoncus aliquam lacus. Morbi quis tortor id nulla ultrices aliquet.;
a32,Andie,5,In hac habitasse platea dictumst. Etiam faucibus cursus urna. Ut tellus. Nulla ut erat id mauris vulputate elementum.;
a13,Reine,2,Proin interdum mauris non ligula pellentesque ultrices. Phasellus id sapien in sapien iaculis congue.;
a33,Valle,4,Nullam sit amet turpis elementum ligula vehicula consequat. Morbi a ipsum.;
a6,Mellicent,5,Aliquam quis turpis eget elit sodales scelerisque. Mauris sit amet eros. Suspendisse accumsan tortor quis turpis.;
a17,Quincey,5,Morbi quis tortor id nulla ultrices aliquet. Maecenas leo odio condimentum id luctus nec molestie sed justo. Pellentesque viverra pede ac diam. Cras pellentesque volutpat dui.;
a23,Dredi,2,Duis consequat dui nec nisi volutpat eleifend.;
a13,Kaleena,5,In congue. Etiam justo.;
a26,Emmet,4,Integer ac leo. Pellentesque ultrices mattis odio. Donec vitae nisi.;
a33,Nomi,1,Sed sagittis.;
a29,Coralyn,2,Vestibulum ante ipsum primis in faucibus orci luctus et ultrices posuere cubilia Curae; Nulla dapibus dolor vel est. Donec odio justo sollicitudin ut suscipit a feugiat et eros.
a21,Olympia,4,Nulla mollis molestie lorem. Quisque ut erat. Curabitur gravida nisi at nibh.;
a26,Emanuele,3,In sagittis dui vel nisl. Duis ac nibh.;
a1,Bliss,4,Aenean sit amet justo. Morbi ut odio.;
a16,Bunnie,4,Vivamus in felis eu sapien cursus vestibulum. Proin eu mi. Nulla ac enim. In tempor turpis nec euismod scelerisque quam turpis adipiscing lorem vitae mattis nibh ligula nec sem.;
a16,Otho,1,Nulla facilisi. Cras non velit nec nisi vulputate nonummy. Maecenas tincidunt lacus at velit. Vivamus vel nulla eget eros elementum pellentesque. Quisque porta volutpat erat.;
a1,Elenore,3,Praesent blandit. Nam nulla. Integer pede justo lacinia eget tincidunt eget tempus vel pede. Morbi porttitor lorem id ligula. Suspendisse ornare consequat lectus.;
a26,Liz,3,Sed sagittis. Nam congue risus semper porta volutpat quam pede lobortis ligula sit amet eleifend pede libero quis orci. Nullam molestie nibh in lectus.;
a5,Christian,2,Vestibulum rutrum rutrum neque.;
a33,Willi,3,Suspendisse ornare consequat lectus. In est risus auctor sed tristique in tempus sit amet sem. Fusce consequat. Nulla nisl. Nunc nisl.;
a9,Ximenez,4,Cum sociis natoque penatibus et magnis dis parturient montes nascetur ridiculus mus. Vivamus vestibulum sagittis sapien. Cum sociis natoque penatibus et magnis dis parturient montes nascetur ridiculus mus. Etiam vel augue. Vestibulum rutrum rutrum neque.;
a15,Alvy,1,Duis mattis egestas metus. Aenean fermentum. Donec ut mauris eget massa tempor convallis. Nulla neque libero convallis eget eleifend luctus ultricies eu nibh.;
a19,Stanley,2,Integer pede justo lacinia eget tincidunt eget tempus vel pede. Morbi porttitor lorem id ligula. Suspendisse ornare consequat lectus. In est risus auctor sed tristique in tempus sit amet sem. Fusce consequat.;
a3,Kennett,1,Ut tellus.;
a8,Nathalia,5,Nam dui. Proin leo odio porttitor id consequat in consequat ut nulla.;
a14,Steffie,1,Integer a nibh.;
a11,Brittni,2,Vestibulum ante ipsum primis in faucibus orci luctus et ultrices posuere cubilia Curae; Mauris viverra diam vitae quam.
a10,Bald,2,In quis justo. Maecenas rhoncus aliquam lacus.;
a2,Lotti,3,Cras pellentesque volutpat dui.;
a24,Bay,4,Nullam porttitor lacus at turpis.;
a29,Eolanda,2,Phasellus sit amet erat.;
a24,Aymer,3,Maecenas tincidunt lacus at velit. Vivamus vel nulla eget eros elementum pellentesque. Quisque porta volutpat erat. Quisque erat eros viverra eget congue eget semper rutrum nulla.;
a13,Lorita,3,Nullam varius. Nulla facilisi. Cras non velit nec nisi vulputate nonummy.;
a30,Den,3,Lorem ipsum dolor sit amet consectetuer adipiscing elit. Proin risus. Praesent lectus. Vestibulum quam sapien varius ut blandit non interdum in ante.;
a28,Roman,4,Aliquam erat volutpat.;
a32,Ardisj,4,Sed ante. Vivamus tortor. Duis mattis egestas metus.;
a1,Amara,2,Nam dui. Proin leo odio porttitor id consequat in consequat ut nulla. Sed accumsan felis. Ut at dolor quis odio consequat varius. Integer ac leo.;
a26,Maridel,1,Cras pellentesque volutpat dui. Maecenas tristique est et tempus semper est quam pharetra magna ac consequat metus sapien ut nunc. Vestibulum ante ipsum primis in faucibus orci luctus et ultrices posuere cubilia Curae; Mauris viverra diam vitae quam. Suspendisse potenti. Nullam porttitor lacus at turpis.
a1,Aviva,5,Quisque porta volutpat erat. Quisque erat eros viverra eget congue eget semper rutrum nulla. Nunc purus. Phasellus in felis.;
a3,Denise,2,Donec ut mauris eget massa tempor convallis.;
a29,Bret,1,Duis at velit eu est congue elementum. In hac habitasse platea dictumst. Morbi vestibulum velit id pretium iaculis diam erat fermentum justo nec condimentum neque sapien placerat ante. Nulla justo.;
a18,Deloris,4,Vestibulum quam sapien varius ut blandit non interdum in ante.;
a25,Noreen,4,Duis mattis egestas metus. Aenean fermentum. Donec ut mauris eget massa tempor convallis.;
a32,Sabine,2,Nam congue risus semper porta volutpat quam pede lobortis ligula sit amet eleifend pede libero quis orci. Nullam molestie nibh in lectus.;
a30,Rock,5,Phasellus sit amet erat. Nulla tempus.;
a1,Joycelin,4,Vivamus vestibulum sagittis sapien. Cum sociis natoque penatibus et magnis dis parturient montes nascetur ridiculus mus. Etiam vel augue. Vestibulum rutrum rutrum neque. Aenean auctor gravida sem.;
a20,Nealon,5,Aliquam augue quam sollicitudin vitae consectetuer eget rutrum at lorem.;
a3,Linell,4,Maecenas rhoncus aliquam lacus. Morbi quis tortor id nulla ultrices aliquet. Maecenas leo odio condimentum id luctus nec molestie sed justo.;
a16,Raf,4,Phasellus in felis. Donec semper sapien a libero. Nam dui. Proin leo odio porttitor id consequat in consequat ut nulla. Sed accumsan felis.;
a22,Nelli,3,Proin leo odio porttitor id consequat in consequat ut nulla. Sed accumsan felis.;
a3,Jamie,5,Maecenas tincidunt lacus at velit.;
a29,Georg,2,In tempor turpis nec euismod scelerisque quam turpis adipiscing lorem vitae mattis nibh ligula nec sem. Duis aliquam convallis nunc.;
a13,Gusella,1,Curabitur gravida nisi at nibh.;
a10,Darsey,5,Vestibulum rutrum rutrum neque. Aenean auctor gravida sem.;
a4,Juan,5,Suspendisse potenti. In eleifend quam a odio. In hac habitasse platea dictumst. Maecenas ut massa quis augue luctus tincidunt. Nulla mollis molestie lorem.;
a15,Darya,3,Aenean fermentum.;
a14,Roxie,4,Integer a nibh. In quis justo.;
a1,Brade,1,Vestibulum ac est lacinia nisi venenatis tristique. Fusce congue diam id ornare imperdiet sapien urna pretium nisl ut volutpat sapien arcu sed augue. Aliquam erat volutpat.;
a19,Nikoletta,5,Aenean fermentum. Donec ut mauris eget massa tempor convallis. Nulla neque libero convallis eget eleifend luctus ultricies eu nibh. Quisque id justo sit amet sapien dignissim vestibulum.;
a17,Leigha,3,Suspendisse potenti. Cras in purus eu magna vulputate luctus.;
a24,Nathalie,4,Nullam porttitor lacus at turpis. Donec posuere metus vitae ipsum. Aliquam non mauris.;
a32,Jordan,1,Mauris lacinia sapien quis libero. Nullam sit amet turpis elementum ligula vehicula consequat.;
a7,Corey,5,Curabitur convallis.;
a24,Meg,3,Praesent id massa id nisl venenatis lacinia. Aenean sit amet justo. Morbi ut odio.;
a18,Della,1,Morbi vestibulum velit id pretium iaculis diam erat fermentum justo nec condimentum neque sapien placerat ante. Nulla justo. Aliquam quis turpis eget elit sodales scelerisque. Mauris sit amet eros. Suspendisse accumsan tortor quis turpis.;
a10,Elizabet,1,Nulla facilisi. Cras non velit nec nisi vulputate nonummy. Maecenas tincidunt lacus at velit. Vivamus vel nulla eget eros elementum pellentesque. Quisque porta volutpat erat.;
a31,Randee,1,Vestibulum ante ipsum primis in faucibus orci luctus et ultrices posuere cubilia Curae; Duis faucibus accumsan odio. Curabitur convallis. Duis consequat dui nec nisi volutpat eleifend.
a23,Forster,5,In eleifend quam a odio.;
a25,Garek,5,Morbi non lectus. Aliquam sit amet diam in magna bibendum imperdiet. Nullam orci pede venenatis non sodales sed tincidunt eu felis.;
a15,Stewart,3,Duis bibendum felis sed interdum venenatis turpis enim blandit mi in porttitor pede justo eu massa. Donec dapibus. Duis at velit eu est congue elementum. In hac habitasse platea dictumst. Morbi vestibulum velit id pretium iaculis diam erat fermentum justo nec condimentum neque sapien placerat ante.;
a6,Carmela,4,Vestibulum ante ipsum primis in faucibus orci luctus et ultrices posuere cubilia Curae; Duis faucibus accumsan odio. Curabitur convallis.
a6,Emmanuel,4,Donec quis orci eget orci vehicula condimentum. Curabitur in libero ut massa volutpat convallis.;
a32,Connie,1,Curabitur in libero ut massa volutpat convallis. Morbi odio odio elementum eu interdum eu tincidunt in leo. Maecenas pulvinar lobortis est. Phasellus sit amet erat.;
a23,Vincent,2,Proin at turpis a pede posuere nonummy. Integer non velit. Donec diam neque vestibulum eget vulputate ut ultrices vel augue.;
a9,Beth,3,Suspendisse potenti. Cras in purus eu magna vulputate luctus.;
a9,Anneliese,4,Nam dui.;
a7,Doretta,1,Curabitur in libero ut massa volutpat convallis. Morbi odio odio elementum eu interdum eu tincidunt in leo.;
a19,Elsinore,2,Duis aliquam convallis nunc. Proin at turpis a pede posuere nonummy.;
a9,Maggee,5,In hac habitasse platea dictumst. Maecenas ut massa quis augue luctus tincidunt. Nulla mollis molestie lorem.;
a7,Alfons,4,Nulla nisl. Nunc nisl. Duis bibendum felis sed interdum venenatis turpis enim blandit mi in porttitor pede justo eu massa. Donec dapibus. Duis at velit eu est congue elementum.;
a10,Farleigh,2,Fusce lacus purus aliquet at feugiat non pretium quis lectus. Suspendisse potenti. In eleifend quam a odio.;
a32,Cass,2,Cras pellentesque volutpat dui. Maecenas tristique est et tempus semper est quam pharetra magna ac consequat metus sapien ut nunc. Vestibulum ante ipsum primis in faucibus orci luctus et ultrices posuere cubilia Curae; Mauris viverra diam vitae quam. Suspendisse potenti.
a5,Halsy,1,Morbi sem mauris laoreet ut rhoncus aliquet pulvinar sed nisl. Nunc rhoncus dui vel sem. Sed sagittis.;
a10,Marin,1,Integer non velit. Donec diam neque vestibulum eget vulputate ut ultrices vel augue. Vestibulum ante ipsum primis in faucibus orci luctus et ultrices posuere cubilia Curae; Donec pharetra magna vestibulum aliquet ultrices erat tortor sollicitudin mi sit amet lobortis sapien sapien non mi. Integer ac neque.
a33,Buddy,5,Fusce consequat.;
a17,Robby,3,Phasellus id sapien in sapien iaculis congue. Vivamus metus arcu adipiscing molestie hendrerit at vulputate vitae nisl. Aenean lectus.;
a23,Pepita,1,Sed accumsan felis. Ut at dolor quis odio consequat varius. Integer ac leo. Pellentesque ultrices mattis odio. Donec vitae nisi.;
a20,Mariele,2,Fusce lacus purus aliquet at feugiat non pretium quis lectus. Suspendisse potenti.;
a3,Hayyim,5,Aliquam non mauris.;
a32,Alessandro,3,In eleifend quam a odio. In hac habitasse platea dictumst.;
a6,Reuven,2,Vestibulum rutrum rutrum neque. Aenean auctor gravida sem. Praesent id massa id nisl venenatis lacinia. Aenean sit amet justo. Morbi ut odio.;
a33,Issie,5,Nulla tellus. In sagittis dui vel nisl. Duis ac nibh.;
a20,Florentia,1,Donec diam neque vestibulum eget vulputate ut ultrices vel augue.;
a24,Walker,2,Maecenas rhoncus aliquam lacus. Morbi quis tortor id nulla ultrices aliquet.;
a13,Zonnya,5,Aliquam quis turpis eget elit sodales scelerisque.;
a3,Gabie,2,Vestibulum quam sapien varius ut blandit non interdum in ante.;
a32,Emogene,2,Integer pede justo lacinia eget tincidunt eget tempus vel pede. Morbi porttitor lorem id ligula. Suspendisse ornare consequat lectus. In est risus auctor sed tristique in tempus sit amet sem. Fusce consequat.;
a20,Adrianna,5,Nulla tempus. Vivamus in felis eu sapien cursus vestibulum. Proin eu mi. Nulla ac enim.;
a24,Legra,4,In sagittis dui vel nisl. Duis ac nibh. Fusce lacus purus aliquet at feugiat non pretium quis lectus. Suspendisse potenti.;
a10,Ara,5,Duis mattis egestas metus. Aenean fermentum. Donec ut mauris eget massa tempor convallis. Nulla neque libero convallis eget eleifend luctus ultricies eu nibh.;
a23,Kary,2,Aliquam augue quam sollicitudin vitae consectetuer eget rutrum at lorem. Integer tincidunt ante vel ipsum. Praesent blandit lacinia erat. Vestibulum sed magna at nunc commodo placerat.;
a32,Madelon,1,Nulla ac enim. In tempor turpis nec euismod scelerisque quam turpis adipiscing lorem vitae mattis nibh ligula nec sem. Duis aliquam convallis nunc. Proin at turpis a pede posuere nonummy. Integer non velit.;
a8,Paulina,5,Integer a nibh. In quis justo.;
a22,Leupold,5,Donec quis orci eget orci vehicula condimentum. Curabitur in libero ut massa volutpat convallis.;
a33,Ulrica,3,Integer tincidunt ante vel ipsum.;
a33,Frederich,4,Quisque porta volutpat erat. Quisque erat eros viverra eget congue eget semper rutrum nulla. Nunc purus. Phasellus in felis. Donec semper sapien a libero.;
a24,Rubie,2,Nunc nisl.;
a28,Ailina,5,Vestibulum ante ipsum primis in faucibus orci luctus et ultrices posuere cubilia Curae; Duis faucibus accumsan odio. Curabitur convallis. Duis consequat dui nec nisi volutpat eleifend.
a28,Anton,2,Mauris enim leo rhoncus sed vestibulum sit amet cursus id turpis. Integer aliquet massa id lobortis convallis tortor risus dapibus augue vel accumsan tellus nisi eu orci. Mauris lacinia sapien quis libero. Nullam sit amet turpis elementum ligula vehicula consequat.;
a21,Lesley,2,Suspendisse ornare consequat lectus. In est risus auctor sed tristique in tempus sit amet sem. Fusce consequat.;
a24,Ulla,5,Cras non velit nec nisi vulputate nonummy. Maecenas tincidunt lacus at velit. Vivamus vel nulla eget eros elementum pellentesque.;
a30,Hollyanne,3,Nulla ut erat id mauris vulputate elementum. Nullam varius.;
a31,Gwenneth,1,Lorem ipsum dolor sit amet consectetuer adipiscing elit. Proin risus.;
a22,Garry,2,Pellentesque viverra pede ac diam. Cras pellentesque volutpat dui. Maecenas tristique est et tempus semper est quam pharetra magna ac consequat metus sapien ut nunc. Vestibulum ante ipsum primis in faucibus orci luctus et ultrices posuere cubilia Curae; Mauris viverra diam vitae quam. Suspendisse potenti.
a19,Mal,1,Suspendisse ornare consequat lectus. In est risus auctor sed tristique in tempus sit amet sem. Fusce consequat.;
a3,Julina,4,Proin at turpis a pede posuere nonummy. Integer non velit.;
a23,Prudi,1,In hac habitasse platea dictumst. Morbi vestibulum velit id pretium iaculis diam erat fermentum justo nec condimentum neque sapien placerat ante. Nulla justo.;
a9,Jesselyn,4,Suspendisse potenti. In eleifend quam a odio.;
a20,Dulcea,3,Vivamus metus arcu adipiscing molestie hendrerit at vulputate vitae nisl. Aenean lectus. Pellentesque eget nunc. Donec quis orci eget orci vehicula condimentum.;
a10,Trace,4,In sagittis dui vel nisl.;
a2,Bibby,1,Etiam pretium iaculis justo. In hac habitasse platea dictumst.;
a15,Massimiliano,4,Vestibulum rutrum rutrum neque. Aenean auctor gravida sem. Praesent id massa id nisl venenatis lacinia. Aenean sit amet justo. Morbi ut odio.;
a1,Christy,5,Nullam varius. Nulla facilisi. Cras non velit nec nisi vulputate nonummy. Maecenas tincidunt lacus at velit. Vivamus vel nulla eget eros elementum pellentesque.;
a12,Bret,2,Vestibulum rutrum rutrum neque. Aenean auctor gravida sem. Praesent id massa id nisl venenatis lacinia. Aenean sit amet justo.;